-- phpMyAdmin SQL Dump
-- version 5.2.1
-- https://www.phpmyadmin.net/
--
-- Host: 127.0.0.1
-- Waktu pembuatan: 30 Nov 2023 pada 07.32
-- Versi server: 10.4.28-MariaDB
-- Versi PHP: 8.2.4

SET SQL_MODE = "NO_AUTO_VALUE_ON_ZERO";
START TRANSACTION;
SET time_zone = "+00:00";


/*!40101 SET @OLD_CHARACTER_SET_CLIENT=@@CHARACTER_SET_CLIENT */;
/*!40101 SET @OLD_CHARACTER_SET_RESULTS=@@CHARACTER_SET_RESULTS */;
/*!40101 SET @OLD_COLLATION_CONNECTION=@@COLLATION_CONNECTION */;
/*!40101 SET NAMES utf8mb4 */;

--
-- Database: `toko_buku1`
--

-- --------------------------------------------------------

--
-- Struktur dari tabel `buku`
--

CREATE TABLE `buku` (
  `id_buku` int(11) NOT NULL,
  `judul` varchar(255) DEFAULT NULL,
  `noisbn` int(50) DEFAULT NULL,
  `penulis` varchar(255) DEFAULT NULL,
  `penerbit` varchar(255) DEFAULT NULL,
  `tahun` int(11) DEFAULT NULL,
  `stok` int(50) DEFAULT NULL,
  `harga_pokok` int(255) DEFAULT NULL,
  `harga_jual` int(255) DEFAULT NULL,
  `gambar` varchar(50) NOT NULL
) ENGINE=InnoDB DEFAULT CHARSET=utf8mb4 COLLATE=utf8mb4_general_ci;

--
-- Dumping data untuk tabel `buku`
--

INSERT INTO `buku` (`id_buku`, `judul`, `noisbn`, `penulis`, `penerbit`, `tahun`, `stok`, `harga_pokok`, `harga_jual`, `gambar`) VALUES
(18, 'sikancil', 987654, 'afif', 'afif', 2023, 211, 25000, 28000, '124-kancil.jpg'),
(21, 'harry poter', 899, 'apip', 'apip', 2019, 1000, 8000, 12000, 'hp2001.jpg'),
(22, 'tom and jerry', 120, 'apipp', 'kancil', 2007, 132, 5000, 8000, '552-tom.jpg');

-- --------------------------------------------------------

--
-- Struktur dari tabel `detail_penjualan`
--

CREATE TABLE `detail_penjualan` (
  `id_detail_penjualan` int(11) NOT NULL,
  `id_penjualan` int(11) DEFAULT NULL,
  `id_buku` int(11) DEFAULT NULL,
  `jumlah` int(50) DEFAULT NULL,
  `harga` int(50) DEFAULT NULL,
  `total` int(50) DEFAULT NULL
) ENGINE=InnoDB DEFAULT CHARSET=utf8mb4 COLLATE=utf8mb4_general_ci;

--
-- Dumping data untuk tabel `detail_penjualan`
--

INSERT INTO `detail_penjualan` (`id_detail_penjualan`, `id_penjualan`, `id_buku`, `jumlah`, `harga`, `total`) VALUES
(2, 19, 20, 2, 30000, 60000),
(3, 19, 18, 2, 28000, 56000),
(5, 21, 22, 2, 8000, 16000),
(6, 21, 21, 2, 12000, 24000),
(7, 22, 21, 1, 12000, 12000);

-- --------------------------------------------------------

--
-- Struktur dari tabel `distributor`
--

CREATE TABLE `distributor` (
  `id_distributor` int(11) NOT NULL,
  `nama_distributor` varchar(11) NOT NULL,
  `alamat` text NOT NULL,
  `telepon` varchar(25) NOT NULL
) ENGINE=InnoDB DEFAULT CHARSET=utf8mb4 COLLATE=utf8mb4_general_ci;

--
-- Dumping data untuk tabel `distributor`
--

INSERT INTO `distributor` (`id_distributor`, `nama_distributor`, `alamat`, `telepon`) VALUES
(5, 'afif', 'anggrek', '0842132');

-- --------------------------------------------------------

--
-- Struktur dari tabel `kasir`
--

CREATE TABLE `kasir` (
  `id_kasir` int(11) NOT NULL,
  `nama` varchar(255) NOT NULL,
  `alamat` text NOT NULL,
  `telepon` int(15) NOT NULL,
  `status` enum('0','1') NOT NULL,
  `username` varchar(155) NOT NULL,
  `password` varchar(155) NOT NULL,
  `level` varchar(50) NOT NULL
) ENGINE=InnoDB DEFAULT CHARSET=utf8mb4 COLLATE=utf8mb4_general_ci;

--
-- Dumping data untuk tabel `kasir`
--

INSERT INTO `kasir` (`id_kasir`, `nama`, `alamat`, `telepon`, `status`, `username`, `password`, `level`) VALUES
(1, 'afif', 'JL.anggur atas', 856744, '0', 'afiff', '202cb962ac59075b964b07152d234b70', 'admin'),
(2, 'apip', 'JL.batu', 82142, '0', 'apip', '202cb962ac59075b964b07152d234b70', 'pemilik');

-- --------------------------------------------------------

--
-- Struktur dari tabel `pasok`
--

CREATE TABLE `pasok` (
  `id_pasok` int(11) NOT NULL,
  `id_distributor` int(11) NOT NULL,
  `id_buku` int(11) NOT NULL,
  `jumlah` int(20) NOT NULL,
  `tanggal` date NOT NULL
) ENGINE=InnoDB DEFAULT CHARSET=utf8mb4 COLLATE=utf8mb4_general_ci;

--
-- Dumping data untuk tabel `pasok`
--

INSERT INTO `pasok` (`id_pasok`, `id_distributor`, `id_buku`, `jumlah`, `tanggal`) VALUES
(31, 5, 18, 11, '2023-10-04'),
(33, 5, 21, 10, '2023-11-29');

-- --------------------------------------------------------

--
-- Struktur dari tabel `penjualan`
--

CREATE TABLE `penjualan` (
  `id_penjualan` int(11) NOT NULL,
  `id_kasir` int(11) DEFAULT NULL,
  `total` int(50) DEFAULT NULL,
  `tanggal` date DEFAULT NULL
) ENGINE=InnoDB DEFAULT CHARSET=utf8mb4 COLLATE=utf8mb4_general_ci;

--
-- Dumping data untuk tabel `penjualan`
--

INSERT INTO `penjualan` (`id_penjualan`, `id_kasir`, `total`, `tanggal`) VALUES
(19, 1, 116000, '2023-11-01'),
(20, 1, 30000, '2023-11-01'),
(21, 1, 40000, '2023-11-29'),
(22, 1, 12000, '2023-11-30');

--
-- Indexes for dumped tables
--

--
-- Indeks untuk tabel `buku`
--
ALTER TABLE `buku`
  ADD PRIMARY KEY (`id_buku`);

--
-- Indeks untuk tabel `detail_penjualan`
--
ALTER TABLE `detail_penjualan`
  ADD PRIMARY KEY (`id_detail_penjualan`),
  ADD KEY `id_penjualan` (`id_penjualan`);

--
-- Indeks untuk tabel `distributor`
--
ALTER TABLE `distributor`
  ADD PRIMARY KEY (`id_distributor`);

--
-- Indeks untuk tabel `kasir`
--
ALTER TABLE `kasir`
  ADD PRIMARY KEY (`id_kasir`);

--
-- Indeks untuk tabel `pasok`
--
ALTER TABLE `pasok`
  ADD PRIMARY KEY (`id_pasok`),
  ADD KEY `id_distributor` (`id_distributor`),
  ADD KEY `id_buku` (`id_buku`);

--
-- Indeks untuk tabel `penjualan`
--
ALTER TABLE `penjualan`
  ADD PRIMARY KEY (`id_penjualan`),
  ADD KEY `id_kasir` (`id_kasir`);

--
-- AUTO_INCREMENT untuk tabel yang dibuang
--

--
-- AUTO_INCREMENT untuk tabel `buku`
--
ALTER TABLE `buku`
  MODIFY `id_buku` int(11) NOT NULL AUTO_INCREMENT, AUTO_INCREMENT=24;

--
-- AUTO_INCREMENT untuk tabel `detail_penjualan`
--
ALTER TABLE `detail_penjualan`
  MODIFY `id_detail_penjualan` int(11) NOT NULL AUTO_INCREMENT, AUTO_INCREMENT=8;

--
-- AUTO_INCREMENT untuk tabel `distributor`
--
ALTER TABLE `distributor`
  MODIFY `id_distributor` int(11) NOT NULL AUTO_INCREMENT, AUTO_INCREMENT=7;

--
-- AUTO_INCREMENT untuk tabel `kasir`
--
ALTER TABLE `kasir`
  MODIFY `id_kasir` int(11) NOT NULL AUTO_INCREMENT, AUTO_INCREMENT=4;

--
-- AUTO_INCREMENT untuk tabel `pasok`
--
ALTER TABLE `pasok`
  MODIFY `id_pasok` int(11) NOT NULL AUTO_INCREMENT, AUTO_INCREMENT=34;

--
-- AUTO_INCREMENT untuk tabel `penjualan`
--
ALTER TABLE `penjualan`
  MODIFY `id_penjualan` int(11) NOT NULL AUTO_INCREMENT, AUTO_INCREMENT=23;

--
-- Ketidakleluasaan untuk tabel pelimpahan (Dumped Tables)
--

--
-- Ketidakleluasaan untuk tabel `detail_penjualan`
--
ALTER TABLE `detail_penjualan`
  ADD CONSTRAINT `detail_penjualan_ibfk_1` FOREIGN KEY (`id_penjualan`) REFERENCES `penjualan` (`id_penjualan`);

--
-- Ketidakleluasaan untuk tabel `pasok`
--
ALTER TABLE `pasok`
  ADD CONSTRAINT `pasok_ibfk_1` FOREIGN KEY (`id_distributor`) REFERENCES `distributor` (`id_distributor`),
  ADD CONSTRAINT `pasok_ibfk_2` FOREIGN KEY (`id_buku`) REFERENCES `buku` (`id_buku`);

--
-- Ketidakleluasaan untuk tabel `penjualan`
--
ALTER TABLE `penjualan`
  ADD CONSTRAINT `penjualan_ibfk_2` FOREIGN KEY (`id_kasir`) REFERENCES `kasir` (`id_kasir`);
COMMIT;

/*!40101 SET CHARACTER_SET_CLIENT=@OLD_CHARACTER_SET_CLIENT */;
/*!40101 SET CHARACTER_SET_RESULTS=@OLD_CHARACTER_SET_RESULTS */;
/*!40101 SET COLLATION_CONNECTION=@OLD_COLLATION_CONNECTION */;
